<!-- [ Mirror metadata ] generatedAt: 1473223996011 -->
<!-- Generated screen file. Fill the id tags below with content with
which to populate your previewed layout. For a complete specification
of sample data, please see http://jimulabs.com/sample-data-specifications/ 

Valid attributes on <screen> tag: theme="@style/someTheme" inEditMode="false" overlay="@drawable/mockup" -->
<screen>
    <_content layout="@layout/clipboard">
        <!-- TextView Examples:
        <styled_text text="@string/string_resource" />
        <styled_text text="Text literal" textSize="14sp" /> -->
        <styled_text />
        <plain_text />
        <html_text />
        <clip_type>
            <items layout="@android:layout/simple_spinner_item" >
                <_item>
                    <text1>Vancouver</text1>
                </_item>
                <_item>
                    <text1>Cairo</text1>
                </_item>
                <_item>
                    <text1>New York</text1>
                </_item>
                <_item>
                    <text1>San Francisco</text1>
                </_item>
                <_item>
                    <text1>Seattle</text1>
                </_item>
                <_item>
                    <text1>Hong Kong</text1>
                </_item>
                <_item>
                    <text1>Tokyo</text1>
                </_item>
            </items>
                </clip_type>
        <clip_mime_types />
        <clip_text />
    </_content>
</screen>
