<!-- [ Mirror metadata ] generatedAt: 1473223996102 -->
<!-- Generated screen file. Fill the id tags below with content with
which to populate your previewed layout. For a complete specification
of sample data, please see http://jimulabs.com/sample-data-specifications/ 

Valid attributes on <screen> tag: theme="@style/someTheme" inEditMode="false" overlay="@drawable/mockup" -->
<screen>
    <_content layout="@layout/fragment_tabs_fragment">
        <android-tabcontent>
            <!-- Replace this FrameLayout with a fragment like so:
            <_content layout="@layout/my_fragment_layout">
                <my_text_view>TextView in fragment</my_text_view>
            </_content>
            -->
        </android-tabcontent>
        <realtabcontent>
            <!-- Replace this FrameLayout with a fragment like so:
            <_content layout="@layout/my_fragment_layout">
                <my_text_view>TextView in fragment</my_text_view>
            </_content>
            -->
        </realtabcontent>
    </_content>
</screen>
