<!-- [ Mirror metadata ] generatedAt: 1473223996164 -->
<!-- Generated screen file. Fill the id tags below with content with
which to populate your previewed layout. For a complete specification
of sample data, please see http://jimulabs.com/sample-data-specifications/ 

Valid attributes on <screen> tag: theme="@style/someTheme" inEditMode="false" overlay="@drawable/mockup" -->
<screen>
    <_content layout="@layout/keystore_usage">
        <!-- TextView Examples:
        <entries_list_label text="@string/string_resource" />
        <entries_list_label text="Text literal" textSize="14sp" /> -->
        <entries_list_label />
        <key_ops_header />
        <plaintext_label />
        <ciphertext_label />
        <generating_header />
        <entry_name_label />
    </_content>
</screen>
